{
	"46":	[{
			"name":	"bwweng",
			"score":	1,
			"preClass":	2172
		}],
	"117":	[{
			"name":	"aivjvk",
			"score":	3,
			"preClass":	8528
		}],
	"128":	[{
			"name":	"gapfku",
			"score":	4,
			"preClass":	900
		}],
	"152":	[{
			"name":	"bvwxbb",
			"score":	5,
			"preClass":	4656
		}],
	"181":	[{
			"name":	"xusilm",
			"score":	4,
			"preClass":	8454
		}],
	"191":	[{
			"name":	"etqodf",
			"score":	5,
			"preClass":	7136
		}],
	"241":	[{
			"name":	"ufsspm",
			"score":	5,
			"preClass":	3182
		}],
	"281":	[{
			"name":	"kkstqx",
			"score":	2,
			"preClass":	2849
		}],
	"302":	[{
			"name":	"ckajgu",
			"score":	1,
			"preClass":	2401
		}],
	"314":	[{
			"name":	"iqjlfm",
			"score":	1,
			"preClass":	4656
		}],
	"320":	[{
			"name":	"vybqbu",
			"score":	1,
			"preClass":	2253
		}],
	"339":	[{
			"name":	"agjxou",
			"score":	2,
			"preClass":	9024
		}],
	"358":	[{
			"name":	"ywmcwk",
			"score":	2,
			"preClass":	7451
		}],
	"376":	[{
			"name":	"cfotkh",
			"score":	4,
			"preClass":	7340
		}],
	"420":	[{
			"name":	"rmmqwk",
			"score":	2,
			"preClass":	3082
		}],
	"429":	[{
			"name":	"bbztkh",
			"score":	2,
			"preClass":	6068
		}],
	"456":	[{
			"name":	"andtsn",
			"score":	5,
			"preClass":	5205
		}],
	"473":	[{
			"name":	"grhxgd",
			"score":	3,
			"preClass":	8478
		}],
	"474":	[{
			"name":	"dulvso",
			"score":	2,
			"preClass":	2176
		}],
	"485":	[{
			"name":	"uafexm",
			"score":	4,
			"preClass":	474
		}],
	"496":	[{
			"name":	"zyzwwa",
			"score":	4,
			"preClass":	1536
		}],
	"518":	[{
			"name":	"rjqpsd",
			"score":	1,
			"preClass":	1610
		}],
	"544":	[{
			"name":	"qsmnql",
			"score":	4,
			"preClass":	7689
		}],
	"558":	[{
			"name":	"wuaihj",
			"score":	3,
			"preClass":	3101
		}],
	"562":	[{
			"name":	"rhrnsi",
			"score":	4,
			"preClass":	7136
		}],
	"581":	[{
			"name":	"ryxktb",
			"score":	2,
			"preClass":	9288
		}],
	"604":	[{
			"name":	"zelvef",
			"score":	5,
			"preClass":	9192
		}],
	"613":	[{
			"name":	"gkmrdy",
			"score":	5,
			"preClass":	8507
		}],
	"628":	[{
			"name":	"hejeos",
			"score":	3,
			"preClass":	3798
		}],
	"636":	[{
			"name":	"bfgnzg",
			"score":	3,
			"preClass":	376
		}],
	"672":	[{
			"name":	"ndjihn",
			"score":	3,
			"preClass":	9962
		}],
	"674":	[{
			"name":	"hfuvnh",
			"score":	5,
			"preClass":	6101
		}],
	"689":	[{
			"name":	"cqjweh",
			"score":	4,
			"preClass":	3730
		}],
	"693":	[{
			"name":	"htoruf",
			"score":	3,
			"preClass":	2755
		}],
	"715":	[{
			"name":	"mbwelp",
			"score":	1,
			"preClass":	429
		}],
	"723":	[{
			"name":	"kuotql",
			"score":	3,
			"preClass":	6289
		}],
	"747":	[{
			"name":	"ubwljr",
			"score":	4,
			"preClass":	1983
		}],
	"752":	[{
			"name":	"wjgodf",
			"score":	1,
			"preClass":	1094
		}],
	"759":	[{
			"name":	"hfeugo",
			"score":	5,
			"preClass":	9898
		}],
	"775":	[{
			"name":	"kpokhs",
			"score":	4,
			"preClass":	1601
		}],
	"804":	[{
			"name":	"xwbfrw",
			"score":	1,
			"preClass":	3646
		}],
	"870":	[{
			"name":	"prsrcx",
			"score":	2,
			"preClass":	5461
		}],
	"870":	[{
			"name":	"ojigrl",
			"score":	1,
			"preClass":	8578
		}],
	"878":	[{
			"name":	"azoqfr",
			"score":	4,
			"preClass":	1342
		}],
	"900":	[{
			"name":	"uhupbr",
			"score":	2,
			"preClass":	672
		}],
	"910":	[{
			"name":	"nzuncg",
			"score":	3,
			"preClass":	3475
		}],
	"928":	[{
			"name":	"dyoldg",
			"score":	4,
			"preClass":	1710
		}],
	"943":	[{
			"name":	"sswzrf",
			"score":	5,
			"preClass":	6142
		}],
	"962":	[{
			"name":	"qxaxxn",
			"score":	2,
			"preClass":	3046
		}],
	"976":	[{
			"name":	"wixdug",
			"score":	1,
			"preClass":	1550
		}],
	"993":	[{
			"name":	"wklftb",
			"score":	1,
			"preClass":	2225
		}],
	"993":	[{
			"name":	"sulorm",
			"score":	5,
			"preClass":	1733
		}],
	"998":	[{
			"name":	"pyesgw",
			"score":	1,
			"preClass":	5876
		}],
	"1014":	[{
			"name":	"rfewzl",
			"score":	3,
			"preClass":	3843
		}],
	"1016":	[{
			"name":	"sqcvgu",
			"score":	1,
			"preClass":	5380
		}],
	"1068":	[{
			"name":	"vgeysl",
			"score":	3,
			"preClass":	4951
		}],
	"1094":	[{
			"name":	"lyqfom",
			"score":	3,
			"preClass":	5897
		}],
	"1124":	[{
			"name":	"kvmylm",
			"score":	5,
			"preClass":	7515
		}],
	"1146":	[{
			"name":	"vxzcou",
			"score":	2,
			"preClass":	752
		}],
	"1152":	[{
			"name":	"akktjn",
			"score":	5,
			"preClass":	3960
		}],
	"1178":	[{
			"name":	"gjypmn",
			"score":	4,
			"preClass":	7516
		}],
	"1205":	[{
			"name":	"nskzzl",
			"score":	1,
			"preClass":	8553
		}],
	"1278":	[{
			"name":	"esrmmn",
			"score":	5,
			"preClass":	8528
		}],
	"1280":	[{
			"name":	"mefgki",
			"score":	2,
			"preClass":	7681
		}],
	"1342":	[{
			"name":	"dhpxui",
			"score":	5,
			"preClass":	8578
		}],
	"1375":	[{
			"name":	"gmjvgf",
			"score":	4,
			"preClass":	5257
		}],
	"1444":	[{
			"name":	"ygpodf",
			"score":	1,
			"preClass":	6917
		}],
	"1472":	[{
			"name":	"zijafr",
			"score":	4,
			"preClass":	5205
		}],
	"1484":	[{
			"name":	"qbvqxg",
			"score":	4,
			"preClass":	7880
		}],
	"1503":	[{
			"name":	"apzovu",
			"score":	4,
			"preClass":	1865
		}],
	"1536":	[{
			"name":	"bkxdvb",
			"score":	3,
			"preClass":	3057
		}],
	"1544":	[{
			"name":	"cvzikp",
			"score":	3,
			"preClass":	6365
		}],
	"1550":	[{
			"name":	"tbarin",
			"score":	4,
			"preClass":	1375
		}],
	"1559":	[{
			"name":	"peqybx",
			"score":	2,
			"preClass":	1826
		}],
	"1566":	[{
			"name":	"jptmsg",
			"score":	2,
			"preClass":	3949
		}],
	"1570":	[{
			"name":	"cynowu",
			"score":	5,
			"preClass":	4730
		}],
	"1571":	[{
			"name":	"iyumbi",
			"score":	2,
			"preClass":	4285
		}],
	"1584":	[{
			"name":	"yulejr",
			"score":	5,
			"preClass":	5624
		}],
	"1594":	[{
			"name":	"pgfmzg",
			"score":	3,
			"preClass":	1536
		}],
	"1601":	[{
			"name":	"zatfqv",
			"score":	5,
			"preClass":	6770
		}],
	"1610":	[{
			"name":	"hejerh",
			"score":	1,
			"preClass":	6212
		}],
	"1614":	[{
			"name":	"jqhcmk",
			"score":	5,
			"preClass":	4734
		}],
	"1642":	[{
			"name":	"ooxrcj",
			"score":	3,
			"preClass":	5831
		}],
	"1660":	[{
			"name":	"nwsugo",
			"score":	4,
			"preClass":	8199
		}],
	"1674":	[{
			"name":	"ptnpqh",
			"score":	3,
			"preClass":	8120
		}],
	"1683":	[{
			"name":	"tfgznl",
			"score":	5,
			"preClass":	8591
		}],
	"1710":	[{
			"name":	"nfnwva",
			"score":	2,
			"preClass":	9956
		}],
	"1733":	[{
			"name":	"averoq",
			"score":	5,
			"preClass":	9247
		}],
	"1808":	[{
			"name":	"waiurr",
			"score":	4,
			"preClass":	6530
		}],
	"1816":	[{
			"name":	"ugpgrb",
			"score":	1,
			"preClass":	1983
		}],
	"1821":	[{
			"name":	"nlnilm",
			"score":	3,
			"preClass":	4958
		}],
	"1826":	[{
			"name":	"kcbhcz",
			"score":	4,
			"preClass":	2529
		}],
	"1827":	[{
			"name":	"evukie",
			"score":	1,
			"preClass":	7516
		}],
	"1836":	[{
			"name":	"jvpfrw",
			"score":	2,
			"preClass":	5154
		}],
	"1849":	[{
			"name":	"rhgjty",
			"score":	3,
			"preClass":	6666
		}],
	"1851":	[{
			"name":	"twceng",
			"score":	4,
			"preClass":	1559
		}],
	"1865":	[{
			"name":	"fragoh",
			"score":	3,
			"preClass":	8830
		}],
	"1932":	[{
			"name":	"hhbvzl",
			"score":	1,
			"preClass":	1205
		}],
	"1943":	[{
			"name":	"nasxxl",
			"score":	4,
			"preClass":	636
		}],
	"1953":	[{
			"name":	"jczgyx",
			"score":	4,
			"preClass":	7516
		}],
	"1954":	[{
			"name":	"mthmbn",
			"score":	1,
			"preClass":	9210
		}],
	"1969":	[{
			"name":	"louafr",
			"score":	2,
			"preClass":	9287
		}],
	"1983":	[{
			"name":	"dlhkyi",
			"score":	1,
			"preClass":	2530
		}],
	"1989":	[{
			"name":	"ahaewu",
			"score":	3,
			"preClass":	4958
		}],
	"2015":	[{
			"name":	"odufvk",
			"score":	3,
			"preClass":	1816
		}],
	"2025":	[{
			"name":	"bqkviy",
			"score":	2,
			"preClass":	7043
		}],
	"2031":	[{
			"name":	"dkssin",
			"score":	2,
			"preClass":	6264
		}],
	"2033":	[{
			"name":	"oowccs",
			"score":	1,
			"preClass":	6523
		}],
	"2037":	[{
			"name":	"zlfilo",
			"score":	5,
			"preClass":	2312
		}],
	"2038":	[{
			"name":	"aiihyg",
			"score":	3,
			"preClass":	943
		}],
	"2052":	[{
			"name":	"tofzlo",
			"score":	1,
			"preClass":	5988
		}],
	"2061":	[{
			"name":	"renrcj",
			"score":	2,
			"preClass":	5410
		}],
	"2091":	[{
			"name":	"yvteca",
			"score":	2,
			"preClass":	4749
		}],
	"2098":	[{
			"name":	"aqsuxa",
			"score":	1,
			"preClass":	1205
		}],
	"2102":	[{
			"name":	"fkzwcs",
			"score":	3,
			"preClass":	7293
		}],
	"2112":	[{
			"name":	"ohyemn",
			"score":	2,
			"preClass":	804
		}],
	"2118":	[{
			"name":	"govqcs",
			"score":	3,
			"preClass":	3854
		}],
	"2168":	[{
			"name":	"dxoyxr",
			"score":	5,
			"preClass":	4006
		}],
	"2172":	[{
			"name":	"kxwzpg",
			"score":	1,
			"preClass":	5501
		}],
	"2176":	[{
			"name":	"bdddmu",
			"score":	4,
			"preClass":	518
		}],
	"2204":	[{
			"name":	"ttbbbb",
			"score":	5,
			"preClass":	9617
		}],
	"2223":	[{
			"name":	"ulvpbr",
			"score":	5,
			"preClass":	4899
		}],
	"2225":	[{
			"name":	"awbsgk",
			"score":	5,
			"preClass":	2755
		}],
	"2234":	[{
			"name":	"qdpich",
			"score":	5,
			"preClass":	1821
		}],
	"2238":	[{
			"name":	"vmrjwg",
			"score":	2,
			"preClass":	3600
		}],
	"2239":	[{
			"name":	"fsqbhh",
			"score":	5,
			"preClass":	4012
		}],
	"2253":	[{
			"name":	"yzdeng",
			"score":	1,
			"preClass":	993
		}],
	"2253":	[{
			"name":	"fxobju",
			"score":	4,
			"preClass":	3046
		}],
	"2273":	[{
			"name":	"vzvmou",
			"score":	3,
			"preClass":	9523
		}],
	"2297":	[{
			"name":	"rrjunf",
			"score":	1,
			"preClass":	2692
		}],
	"2307":	[{
			"name":	"bywa",
			"score":	2,
			"preClass":	4603
		}],
	"2312":	[{
			"name":	"evwlek",
			"score":	3,
			"preClass":	8528
		}],
	"2335":	[{
			"name":	"jprghh",
			"score":	1,
			"preClass":	6359
		}],
	"2368":	[{
			"name":	"jaykbr",
			"score":	1,
			"preClass":	5928
		}],
	"2376":	[{
			"name":	"sezgdk",
			"score":	5,
			"preClass":	5781
		}],
	"2388":	[{
			"name":	"qrpyng",
			"score":	2,
			"preClass":	9004
		}],
	"2401":	[{
			"name":	"vxvpxn",
			"score":	4,
			"preClass":	3555
		}],
	"2402":	[{
			"name":	"tpmtqx",
			"score":	4,
			"preClass":	4593
		}],
	"2444":	[{
			"name":	"mjjgta",
			"score":	3,
			"preClass":	9443
		}],
	"2447":	[{
			"name":	"clv",
			"score":	4,
			"preClass":	5939
		}],
	"2491":	[{
			"name":	"vrzkwb",
			"score":	2,
			"preClass":	870
		}],
	"2508":	[{
			"name":	"vswrxk",
			"score":	1,
			"preClass":	723
		}],
	"2528":	[{
			"name":	"ruylhj",
			"score":	4,
			"preClass":	3949
		}],
	"2529":	[{
			"name":	"uxurws",
			"score":	4,
			"preClass":	5886
		}],
	"2529":	[{
			"name":	"ozhgta",
			"score":	5,
			"preClass":	4209
		}],
	"2530":	[{
			"name":	"nlxghh",
			"score":	2,
			"preClass":	8856
		}],
	"2565":	[{
			"name":	"gpgvhs",
			"score":	1,
			"preClass":	7516
		}],
	"2612":	[{
			"name":	"umilvd",
			"score":	1,
			"preClass":	6079
		}],
	"2671":	[{
			"name":	"jrnyen",
			"score":	2,
			"preClass":	9956
		}],
	"2692":	[{
			"name":	"yjsfku",
			"score":	3,
			"preClass":	5281
		}],
	"2695":	[{
			"name":	"qjytjn",
			"score":	4,
			"preClass":	3039
		}],
	"2700":	[{
			"name":	"xrislj",
			"score":	4,
			"preClass":	2172
		}],
	"2720":	[{
			"name":	"wfadqn",
			"score":	1,
			"preClass":	6530
		}],
	"2728":	[{
			"name":	"cuaeng",
			"score":	1,
			"preClass":	7504
		}],
	"2755":	[{
			"name":	"fxgyxg",
			"score":	4,
			"preClass":	613
		}],
	"2755":	[{
			"name":	"mfoftb",
			"score":	4,
			"preClass":	6294
		}],
	"2777":	[{
			"name":	"bqsshs",
			"score":	2,
			"preClass":	5571
		}],
	"2798":	[{
			"name":	"pwbfpg",
			"score":	1,
			"preClass":	5821
		}],
	"2849":	[{
			"name":	"vnhwzl",
			"score":	3,
			"preClass":	4671
		}],
	"2861":	[{
			"name":	"hxaogu",
			"score":	5,
			"preClass":	8199
		}],
	"2880":	[{
			"name":	"azezey",
			"score":	3,
			"preClass":	3668
		}],
	"2910":	[{
			"name":	"voiwbr",
			"score":	5,
			"preClass":	6232
		}],
	"2984":	[{
			"name":	"csmgfl",
			"score":	1,
			"preClass":	6101
		}],
	"3039":	[{
			"name":	"zvmabw",
			"score":	1,
			"preClass":	7381
		}],
	"3042":	[{
			"name":	"relrni",
			"score":	5,
			"preClass":	6566
		}],
	"3046":	[{
			"name":	"lkngyx",
			"score":	2,
			"preClass":	2102
		}],
	"3051":	[{
			"name":	"xvlcqr",
			"score":	4,
			"preClass":	8382
		}],
	"3057":	[{
			"name":	"naychj",
			"score":	4,
			"preClass":	8830
		}],
	"3082":	[{
			"name":	"japnyu",
			"score":	3,
			"preClass":	9276
		}],
	"3094":	[{
			"name":	"zvznpk",
			"score":	3,
			"preClass":	7515
		}],
	"3101":	[{
			"name":	"xdaspl",
			"score":	4,
			"preClass":	6271
		}],
	"3106":	[{
			"name":	"ussdgg",
			"score":	4,
			"preClass":	2695
		}],
	"3117":	[{
			"name":	"qysebw",
			"score":	1,
			"preClass":	6860
		}],
	"3126":	[{
			"name":	"rwodou",
			"score":	5,
			"preClass":	2849
		}],
	"3142":	[{
			"name":	"fgburr",
			"score":	2,
			"preClass":	6068
		}],
	"3152":	[{
			"name":	"uagnqn",
			"score":	4,
			"preClass":	9987
		}],
	"3153":	[{
			"name":	"lwhkqr",
			"score":	1,
			"preClass":	3512
		}],
	"3158":	[{
			"name":	"jpetdm",
			"score":	4,
			"preClass":	5800
		}],
	"3163":	[{
			"name":	"huyfxb",
			"score":	5,
			"preClass":	2530
		}],
	"3182":	[{
			"name":	"fvjbzr",
			"score":	5,
			"preClass":	9004
		}],
	"3206":	[{
			"name":	"sosozl",
			"score":	4,
			"preClass":	6983
		}],
	"3227":	[{
			"name":	"cgkgwp",
			"score":	4,
			"preClass":	5571
		}],
	"3236":	[{
			"name":	"llovlo",
			"score":	2,
			"preClass":	3106
		}],
	"3293":	[{
			"name":	"yyvbfr",
			"score":	5,
			"preClass":	2755
		}],
	"3356":	[{
			"name":	"vxiroq",
			"score":	4,
			"preClass":	8692
		}],
	"3405":	[{
			"name":	"pjgahz",
			"score":	1,
			"preClass":	3730
		}],
	"3419":	[{
			"name":	"jmgayl",
			"score":	2,
			"preClass":	4958
		}],
	"3429":	[{
			"name":	"cfeohh",
			"score":	2,
			"preClass":	2720
		}],
	"3456":	[{
			"name":	"afqfbq",
			"score":	3,
			"preClass":	6912
		}],
	"3475":	[{
			"name":	"lembfg",
			"score":	3,
			"preClass":	429
		}],
	"3488":	[{
			"name":	"snfvkn",
			"score":	3,
			"preClass":	1601
		}],
	"3497":	[{
			"name":	"ustfqd",
			"score":	1,
			"preClass":	1816
		}],
	"3512":	[{
			"name":	"knipxn",
			"score":	3,
			"preClass":	1733
		}],
	"3533":	[{
			"name":	"lilvtl",
			"score":	1,
			"preClass":	5869
		}],
	"3555":	[{
			"name":	"yvugyd",
			"score":	3,
			"preClass":	2037
		}],
	"3600":	[{
			"name":	"dbqqxb",
			"score":	2,
			"preClass":	8220
		}],
	"3646":	[{
			"name":	"hmomng",
			"score":	3,
			"preClass":	1342
		}],
	"3668":	[{
			"name":	"uubvnh",
			"score":	5,
			"preClass":	6874
		}],
	"3674":	[{
			"name":	"xqxlzg",
			"score":	3,
			"preClass":	4948
		}],
	"3679":	[{
			"name":	"rbircx",
			"score":	3,
			"preClass":	4671
		}],
	"3685":	[{
			"name":	"mnkjau",
			"score":	2,
			"preClass":	1503
		}],
	"3730":	[{
			"name":	"hcnovu",
			"score":	2,
			"preClass":	4839
		}],
	"3784":	[{
			"name":	"ttpiwu",
			"score":	1,
			"preClass":	3227
		}],
	"3795":	[{
			"name":	"cqgwtd",
			"score":	3,
			"preClass":	5257
		}],
	"3798":	[{
			"name":	"rxlmpg",
			"score":	2,
			"preClass":	3117
		}],
	"3833":	[{
			"name":	"lwna",
			"score":	2,
			"preClass":	870
		}],
	"3843":	[{
			"name":	"ybwbfr",
			"score":	5,
			"preClass":	6983
		}],
	"3846":	[{
			"name":	"oppsin",
			"score":	5,
			"preClass":	5657
		}],
	"3848":	[{
			"name":	"ooagrl",
			"score":	4,
			"preClass":	4028
		}],
	"3851":	[{
			"name":	"kvpmou",
			"score":	5,
			"preClass":	2376
		}],
	"3854":	[{
			"name":	"ehylzg",
			"score":	1,
			"preClass":	5571
		}],
	"3915":	[{
			"name":	"hzoyxg",
			"score":	1,
			"preClass":	181
		}],
	"3941":	[{
			"name":	"gabcbn",
			"score":	2,
			"preClass":	8220
		}],
	"3944":	[{
			"name":	"ckqohs",
			"score":	4,
			"preClass":	5461
		}],
	"3949":	[{
			"name":	"olsndf",
			"score":	3,
			"preClass":	9987
		}],
	"3960":	[{
			"name":	"jxduau",
			"score":	5,
			"preClass":	9443
		}],
	"4006":	[{
			"name":	"nwhndi",
			"score":	3,
			"preClass":	7880
		}],
	"4007":	[{
			"name":	"sapsvh",
			"score":	3,
			"preClass":	5000
		}],
	"4012":	[{
			"name":	"eryykp",
			"score":	4,
			"preClass":	339
		}],
	"4015":	[{
			"name":	"oioocx",
			"score":	5,
			"preClass":	9646
		}],
	"4028":	[{
			"name":	"joeuty",
			"score":	2,
			"preClass":	8870
		}],
	"4060":	[{
			"name":	"zdxioi",
			"score":	4,
			"preClass":	2529
		}],
	"4062":	[{
			"name":	"licxui",
			"score":	5,
			"preClass":	8120
		}],
	"4090":	[{
			"name":	"pfpnyi",
			"score":	5,
			"preClass":	2223
		}],
	"4113":	[{
			"name":	"zykomb",
			"score":	5,
			"preClass":	4839
		}],
	"4113":	[{
			"name":	"nivkie",
			"score":	4,
			"preClass":	8376
		}],
	"4155":	[{
			"name":	"kqthak",
			"score":	5,
			"preClass":	5160
		}],
	"4157":	[{
			"name":	"qwcbrn",
			"score":	3,
			"preClass":	9160
		}],
	"4188":	[{
			"name":	"hmmyyu",
			"score":	1,
			"preClass":	1152
		}],
	"4209":	[{
			"name":	"swmimn",
			"score":	3,
			"preClass":	1375
		}],
	"4214":	[{
			"name":	"avacbn",
			"score":	1,
			"preClass":	8822
		}],
	"4245":	[{
			"name":	"dzracn",
			"score":	2,
			"preClass":	1571
		}],
	"4255":	[{
			"name":	"jdcubr",
			"score":	5,
			"preClass":	6264
		}],
	"4259":	[{
			"name":	"vcenva",
			"score":	2,
			"preClass":	2052
		}],
	"4260":	[{
			"name":	"rrikgf",
			"score":	4,
			"preClass":	6860
		}],
	"4285":	[{
			"name":	"zqyvnh",
			"score":	2,
			"preClass":	1571
		}],
	"4286":	[{
			"name":	"mqmhak",
			"score":	3,
			"preClass":	1178
		}],
	"4292":	[{
			"name":	"ntxvgw",
			"score":	2,
			"preClass":	2401
		}],
	"4371":	[{
			"name":	"rdvhqd",
			"score":	5,
			"preClass":	1278
		}],
	"4448":	[{
			"name":	"dkhkks",
			"score":	1,
			"preClass":	6565
		}],
	"4478":	[{
			"name":	"iwnyjp",
			"score":	2,
			"preClass":	9443
		}],
	"4491":	[{
			"name":	"fynxwl",
			"score":	2,
			"preClass":	2168
		}],
	"4509":	[{
			"name":	"zjcazg",
			"score":	5,
			"preClass":	4062
		}],
	"4593":	[{
			"name":	"qgmmpe",
			"score":	1,
			"preClass":	1280
		}],
	"4603":	[{
			"name":	"slrwgu",
			"score":	3,
			"preClass":	7646
		}],
	"4656":	[{
			"name":	"joobbl",
			"score":	1,
			"preClass":	5461
		}],
	"4671":	[{
			"name":	"fmcgaz",
			"score":	5,
			"preClass":	715
		}],
	"4730":	[{
			"name":	"cebkyf",
			"score":	1,
			"preClass":	8120
		}],
	"4734":	[{
			"name":	"acsumi",
			"score":	2,
			"preClass":	8822
		}],
	"4749":	[{
			"name":	"sylqfm",
			"score":	2,
			"preClass":	1559
		}],
	"4753":	[{
			"name":	"mlfgrb",
			"score":	4,
			"preClass":	5657
		}],
	"4760":	[{
			"name":	"apaitd",
			"score":	5,
			"preClass":	723
		}],
	"4764":	[{
			"name":	"dayfbq",
			"score":	5,
			"preClass":	3512
		}],
	"4839":	[{
			"name":	"bxxczg",
			"score":	3,
			"preClass":	9979
		}],
	"4839":	[{
			"name":	"jcdvta",
			"score":	2,
			"preClass":	4371
		}],
	"4899":	[{
			"name":	"bazsmi",
			"score":	2,
			"preClass":	7681
		}],
	"4948":	[{
			"name":	"kwmggd",
			"score":	3,
			"preClass":	3456
		}],
	"4951":	[{
			"name":	"wcqdcw",
			"score":	5,
			"preClass":	3057
		}],
	"4953":	[{
			"name":	"fszrti",
			"score":	5,
			"preClass":	5160
		}],
	"4958":	[{
			"name":	"syfz",
			"score":	2,
			"preClass":	6118
		}],
	"4958":	[{
			"name":	"ysnqzl",
			"score":	1,
			"preClass":	2307
		}],
	"5000":	[{
			"name":	"gjjaol",
			"score":	2,
			"preClass":	4753
		}],
	"5035":	[{
			"name":	"dcpgkl",
			"score":	3,
			"preClass":	6521
		}],
	"5043":	[{
			"name":	"mhapxn",
			"score":	4,
			"preClass":	6404
		}],
	"5096":	[{
			"name":	"bpvnva",
			"score":	1,
			"preClass":	7451
		}],
	"5154":	[{
			"name":	"ikdgwp",
			"score":	5,
			"preClass":	6677
		}],
	"5160":	[{
			"name":	"xrdqbz",
			"score":	3,
			"preClass":	4948
		}],
	"5195":	[{
			"name":	"nkjvcg",
			"score":	1,
			"preClass":	2052
		}],
	"5199":	[{
			"name":	"fcaybg",
			"score":	2,
			"preClass":	6909
		}],
	"5205":	[{
			"name":	"kzyogu",
			"score":	2,
			"preClass":	6517
		}],
	"5257":	[{
			"name":	"hmrpqh",
			"score":	2,
			"preClass":	3944
		}],
	"5281":	[{
			"name":	"btpzmx",
			"score":	3,
			"preClass":	6232
		}],
	"5291":	[{
			"name":	"cjbdhn",
			"score":	1,
			"preClass":	320
		}],
	"5372":	[{
			"name":	"weqnjg",
			"score":	2,
			"preClass":	1014
		}],
	"5380":	[{
			"name":	"zkvwzl",
			"score":	3,
			"preClass":	9898
		}],
	"5380":	[{
			"name":	"mfpnpg",
			"score":	3,
			"preClass":	7516
		}],
	"5389":	[{
			"name":	"ivpaek",
			"score":	4,
			"preClass":	2273
		}],
	"5410":	[{
			"name":	"egvpwg",
			"score":	2,
			"preClass":	5897
		}],
	"5461":	[{
			"name":	"xndruv",
			"score":	5,
			"preClass":	1124
		}],
	"5476":	[{
			"name":	"jgofxd",
			"score":	3,
			"preClass":	9646
		}],
	"5496":	[{
			"name":	"jnaoui",
			"score":	5,
			"preClass":	8594
		}],
	"5496":	[{
			"name":	"hrbvfm",
			"score":	4,
			"preClass":	152
		}],
	"5501":	[{
			"name":	"uzltqx",
			"score":	5,
			"preClass":	2168
		}],
	"5513":	[{
			"name":	"piyrqy",
			"score":	3,
			"preClass":	3227
		}],
	"5513":	[{
			"name":	"hgjuqy",
			"score":	3,
			"preClass":	6476
		}],
	"5521":	[{
			"name":	"tkmnql",
			"score":	5,
			"preClass":	2692
		}],
	"5565":	[{
			"name":	"xidvly",
			"score":	1,
			"preClass":	181
		}],
	"5570":	[{
			"name":	"flpkhs",
			"score":	5,
			"preClass":	5813
		}],
	"5571":	[{
			"name":	"xadcak",
			"score":	5,
			"preClass":	4260
		}],
	"5577":	[{
			"name":	"frcrnd",
			"score":	4,
			"preClass":	3533
		}],
	"5624":	[{
			"name":	"mfspmn",
			"score":	2,
			"preClass":	2238
		}],
	"5629":	[{
			"name":	"nhkdvu",
			"score":	1,
			"preClass":	2223
		}],
	"5657":	[{
			"name":	"nkompm",
			"score":	4,
			"preClass":	5869
		}],
	"5674":	[{
			"name":	"cvkpxb",
			"score":	2,
			"preClass":	4209
		}],
	"5681":	[{
			"name":	"mdrivh",
			"score":	4,
			"preClass":	3833
		}],
	"5714":	[{
			"name":	"dqsp",
			"score":	5,
			"preClass":	8382
		}],
	"5781":	[{
			"name":	"tpfsyx",
			"score":	4,
			"preClass":	928
		}],
	"5781":	[{
			"name":	"ezidxb",
			"score":	2,
			"preClass":	2118
		}],
	"5788":	[{
			"name":	"wgazql",
			"score":	5,
			"preClass":	998
		}],
	"5794":	[{
			"name":	"kjrdhn",
			"score":	2,
			"preClass":	320
		}],
	"5800":	[{
			"name":	"hqiwjx",
			"score":	3,
			"preClass":	7959
		}],
	"5813":	[{
			"name":	"ygkqfr",
			"score":	2,
			"preClass":	3117
		}],
	"5820":	[{
			"name":	"vlnyrk",
			"score":	4,
			"preClass":	2307
		}],
	"5821":	[{
			"name":	"llgqxu",
			"score":	1,
			"preClass":	993
		}],
	"5831":	[{
			"name":	"yuqwqy",
			"score":	2,
			"preClass":	9222
		}],
	"5835":	[{
			"name":	"hredxb",
			"score":	4,
			"preClass":	8256
		}],
	"5843":	[{
			"name":	"idguuu",
			"score":	5,
			"preClass":	6616
		}],
	"5869":	[{
			"name":	"ltmfqd",
			"score":	4,
			"preClass":	4951
		}],
	"5875":	[{
			"name":	"iwbsmi",
			"score":	3,
			"preClass":	2728
		}],
	"5876":	[{
			"name":	"bokvxb",
			"score":	2,
			"preClass":	3555
		}],
	"5886":	[{
			"name":	"naatqx",
			"score":	4,
			"preClass":	5886
		}],
	"5897":	[{
			"name":	"okatqw",
			"score":	2,
			"preClass":	8830
		}],
	"5917":	[{
			"name":	"unhhto",
			"score":	3,
			"preClass":	6207
		}],
	"5928":	[{
			"name":	"vuffqv",
			"score":	1,
			"preClass":	1851
		}],
	"5939":	[{
			"name":	"wahfqv",
			"score":	5,
			"preClass":	1642
		}],
	"5984":	[{
			"name":	"ahsgrl",
			"score":	4,
			"preClass":	5624
		}],
	"5988":	[{
			"name":	"oktbfg",
			"score":	1,
			"preClass":	5831
		}],
	"6049":	[{
			"name":	"atguxa",
			"score":	5,
			"preClass":	4113
		}],
	"6068":	[{
			"name":	"nutjug",
			"score":	3,
			"preClass":	6118
		}],
	"6068":	[{
			"name":	"ztguzd",
			"score":	2,
			"preClass":	2528
		}],
	"6079":	[{
			"name":	"nfifbq",
			"score":	4,
			"preClass":	2234
		}],
	"6101":	[{
			"name":	"sovlvd",
			"score":	3,
			"preClass":	5205
		}],
	"6118":	[{
			"name":	"narilo",
			"score":	1,
			"preClass":	3082
		}],
	"6142":	[{
			"name":	"fgrqyg",
			"score":	3,
			"preClass":	1865
		}],
	"6145":	[{
			"name":	"qrbrnd",
			"score":	4,
			"preClass":	7340
		}],
	"6155":	[{
			"name":	"tdydto",
			"score":	4,
			"preClass":	1278
		}],
	"6164":	[{
			"name":	"aboxwl",
			"score":	4,
			"preClass":	4113
		}],
	"6169":	[{
			"name":	"xtcehh",
			"score":	3,
			"preClass":	3082
		}],
	"6207":	[{
			"name":	"kavghs",
			"score":	5,
			"preClass":	3854
		}],
	"6212":	[{
			"name":	"cdmdwl",
			"score":	5,
			"preClass":	6565
		}],
	"6232":	[{
			"name":	"pqoiag",
			"score":	3,
			"preClass":	4478
		}],
	"6247":	[{
			"name":	"rzdzmx",
			"score":	4,
			"preClass":	9596
		}],
	"6264":	[{
			"name":	"rbqcqd",
			"score":	1,
			"preClass":	9898
		}],
	"6271":	[{
			"name":	"thmdtg",
			"score":	2,
			"preClass":	1969
		}],
	"6289":	[{
			"name":	"scrvfm",
			"score":	4,
			"preClass":	5372
		}],
	"6294":	[{
			"name":	"qktcqr",
			"score":	2,
			"preClass":	1932
		}],
	"6329":	[{
			"name":	"mhfqxb",
			"score":	5,
			"preClass":	2176
		}],
	"6359":	[{
			"name":	"nbrsqy",
			"score":	1,
			"preClass":	1566
		}],
	"6365":	[{
			"name":	"uqagwp",
			"score":	5,
			"preClass":	3158
		}],
	"6404":	[{
			"name":	"pspmiw",
			"score":	2,
			"preClass":	804
		}],
	"6409":	[{
			"name":	"juexwu",
			"score":	2,
			"preClass":	9807
		}],
	"6476":	[{
			"name":	"ogvcny",
			"score":	5,
			"preClass":	723
		}],
	"6476":	[{
			"name":	"eipslj",
			"score":	1,
			"preClass":	9288
		}],
	"6489":	[{
			"name":	"mxzxxn",
			"score":	1,
			"preClass":	9577
		}],
	"6498":	[{
			"name":	"shcncg",
			"score":	3,
			"preClass":	3784
		}],
	"6505":	[{
			"name":	"kpnqln",
			"score":	5,
			"preClass":	5160
		}],
	"6517":	[{
			"name":	"cuydqu",
			"score":	1,
			"preClass":	6169
		}],
	"6517":	[{
			"name":	"lblspm",
			"score":	4,
			"preClass":	7689
		}],
	"6521":	[{
			"name":	"mlaiey",
			"score":	4,
			"preClass":	672
		}],
	"6523":	[{
			"name":	"hpswqn",
			"score":	1,
			"preClass":	6365
		}],
	"6530":	[{
			"name":	"voziwl",
			"score":	5,
			"preClass":	152
		}],
	"6531":	[{
			"name":	"jkyxuv",
			"score":	1,
			"preClass":	3488
		}],
	"6542":	[{
			"name":	"rgmnjm",
			"score":	3,
			"preClass":	7793
		}],
	"6565":	[{
			"name":	"jzensi",
			"score":	2,
			"preClass":	6271
		}],
	"6566":	[{
			"name":	"zkswwl",
			"score":	5,
			"preClass":	152
		}],
	"6597":	[{
			"name":	"jiqkfr",
			"score":	4,
			"preClass":	5571
		}],
	"6616":	[{
			"name":	"niqaol",
			"score":	5,
			"preClass":	2528
		}],
	"6617":	[{
			"name":	"rxmexm",
			"score":	1,
			"preClass":	2401
		}],
	"6628":	[{
			"name":	"ibgsbl",
			"score":	2,
			"preClass":	910
		}],
	"6666":	[{
			"name":	"cbwyxr",
			"score":	4,
			"preClass":	2849
		}],
	"6667":	[{
			"name":	"vbijfm",
			"score":	5,
			"preClass":	7200
		}],
	"6672":	[{
			"name":	"uypdtg",
			"score":	4,
			"preClass":	3512
		}],
	"6677":	[{
			"name":	"aacxwl",
			"score":	5,
			"preClass":	2118
		}],
	"6682":	[{
			"name":	"ypyqvk",
			"score":	1,
			"preClass":	6207
		}],
	"6770":	[{
			"name":	"srkkly",
			"score":	5,
			"preClass":	8586
		}],
	"6776":	[{
			"name":	"dfkhvu",
			"score":	4,
			"preClass":	2565
		}],
	"6809":	[{
			"name":	"sltich",
			"score":	2,
			"preClass":	5000
		}],
	"6839":	[{
			"name":	"cbzn",
			"score":	1,
			"preClass":	3488
		}],
	"6860":	[{
			"name":	"fzevcg",
			"score":	5,
			"preClass":	6677
		}],
	"6874":	[{
			"name":	"fivfqd",
			"score":	1,
			"preClass":	5281
		}],
	"6909":	[{
			"name":	"sxvlzl",
			"score":	1,
			"preClass":	1954
		}],
	"6910":	[{
			"name":	"crasyl",
			"score":	2,
			"preClass":	4286
		}],
	"6912":	[{
			"name":	"rgnfvk",
			"score":	1,
			"preClass":	3685
		}],
	"6917":	[{
			"name":	"enmglp",
			"score":	3,
			"preClass":	3668
		}],
	"6926":	[{
			"name":	"rscieq",
			"score":	5,
			"preClass":	6667
		}],
	"6983":	[{
			"name":	"scfvxb",
			"score":	2,
			"preClass":	4603
		}],
	"7034":	[{
			"name":	"nfzcso",
			"score":	2,
			"preClass":	5372
		}],
	"7043":	[{
			"name":	"djvtwk",
			"score":	5,
			"preClass":	7034
		}],
	"7063":	[{
			"name":	"slfdhh",
			"score":	4,
			"preClass":	1559
		}],
	"7076":	[{
			"name":	"vovtqx",
			"score":	3,
			"preClass":	6049
		}],
	"7102":	[{
			"name":	"joqxmy",
			"score":	1,
			"preClass":	9359
		}],
	"7136":	[{
			"name":	"nstims",
			"score":	4,
			"preClass":	2335
		}],
	"7155":	[{
			"name":	"cyujhs",
			"score":	3,
			"preClass":	5496
		}],
	"7170":	[{
			"name":	"liemks",
			"score":	1,
			"preClass":	4260
		}],
	"7200":	[{
			"name":	"tmnmwk",
			"score":	2,
			"preClass":	6068
		}],
	"7293":	[{
			"name":	"ycpqwk",
			"score":	3,
			"preClass":	9276
		}],
	"7329":	[{
			"name":	"jzgxyd",
			"score":	1,
			"preClass":	6521
		}],
	"7336":	[{
			"name":	"qauzql",
			"score":	5,
			"preClass":	6359
		}],
	"7340":	[{
			"name":	"teejau",
			"score":	5,
			"preClass":	2038
		}],
	"7366":	[{
			"name":	"hgygaz",
			"score":	2,
			"preClass":	1178
		}],
	"7369":	[{
			"name":	"fhjgyx",
			"score":	5,
			"preClass":	9210
		}],
	"7381":	[{
			"name":	"qbfnpk",
			"score":	2,
			"preClass":	7453
		}],
	"7451":	[{
			"name":	"ujqxuv",
			"score":	2,
			"preClass":	9013
		}],
	"7453":	[{
			"name":	"uytqxb",
			"score":	3,
			"preClass":	8498
		}],
	"7504":	[{
			"name":	"fuvuzl",
			"score":	5,
			"preClass":	5577
		}],
	"7515":	[{
			"name":	"nzfdhr",
			"score":	3,
			"preClass":	2695
		}],
	"7516":	[{
			"name":	"tnbrap",
			"score":	4,
			"preClass":	544
		}],
	"7554":	[{
			"name":	"fahlxk",
			"score":	3,
			"preClass":	1570
		}],
	"7628":	[{
			"name":	"bnmtgg",
			"score":	2,
			"preClass":	3163
		}],
	"7646":	[{
			"name":	"izyitd",
			"score":	4,
			"preClass":	6489
		}],
	"7651":	[{
			"name":	"hdgjtd",
			"score":	3,
			"preClass":	4028
		}],
	"7681":	[{
			"name":	"kmgrjs",
			"score":	4,
			"preClass":	3227
		}],
	"7689":	[{
			"name":	"zzbajj",
			"score":	5,
			"preClass":	6523
		}],
	"7736":	[{
			"name":	"iybamy",
			"score":	2,
			"preClass":	7651
		}],
	"7764":	[{
			"name":	"snxqbu",
			"score":	5,
			"preClass":	9956
		}],
	"7793":	[{
			"name":	"mcnxny",
			"score":	4,
			"preClass":	1484
		}],
	"7796":	[{
			"name":	"kzbwqy",
			"score":	5,
			"preClass":	4730
		}],
	"7870":	[{
			"name":	"lepkfr",
			"score":	2,
			"preClass":	7155
		}],
	"7877":	[{
			"name":	"qvhwqr",
			"score":	5,
			"preClass":	6983
		}],
	"7880":	[{
			"name":	"mycdhn",
			"score":	3,
			"preClass":	6542
		}],
	"7952":	[{
			"name":	"xammth",
			"score":	3,
			"preClass":	943
		}],
	"7959":	[{
			"name":	"hkxray",
			"score":	1,
			"preClass":	4478
		}],
	"7975":	[{
			"name":	"mxskou",
			"score":	4,
			"preClass":	339
		}],
	"8109":	[{
			"name":	"lwuclp",
			"score":	1,
			"preClass":	5835
		}],
	"8120":	[{
			"name":	"yurdxk",
			"score":	2,
			"preClass":	993
		}],
	"8123":	[{
			"name":	"xirafr",
			"score":	4,
			"preClass":	8593
		}],
	"8160":	[{
			"name":	"loebfr",
			"score":	4,
			"preClass":	8239
		}],
	"8199":	[{
			"name":	"hlltrk",
			"score":	1,
			"preClass":	8260
		}],
	"8220":	[{
			"name":	"decgxd",
			"score":	1,
			"preClass":	7515
		}],
	"8239":	[{
			"name":	"zinuou",
			"score":	1,
			"preClass":	8830
		}],
	"8255":	[{
			"name":	"rlarhs",
			"score":	2,
			"preClass":	5000
		}],
	"8256":	[{
			"name":	"aomsjg",
			"score":	1,
			"preClass":	4260
		}],
	"8260":	[{
			"name":	"fihimn",
			"score":	2,
			"preClass":	9247
		}],
	"8283":	[{
			"name":	"pbjhak",
			"score":	2,
			"preClass":	1826
		}],
	"8376":	[{
			"name":	"uqawpg",
			"score":	3,
			"preClass":	3730
		}],
	"8382":	[{
			"name":	"sgwgjy",
			"score":	5,
			"preClass":	9287
		}],
	"8409":	[{
			"name":	"baiwpl",
			"score":	3,
			"preClass":	7959
		}],
	"8419":	[{
			"name":	"bqvvrz",
			"score":	3,
			"preClass":	8123
		}],
	"8454":	[{
			"name":	"csgiyg",
			"score":	5,
			"preClass":	1566
		}],
	"8478":	[{
			"name":	"admuzl",
			"score":	1,
			"preClass":	9617
		}],
	"8498":	[{
			"name":	"vapszq",
			"score":	1,
			"preClass":	747
		}],
	"8507":	[{
			"name":	"mcpzhs",
			"score":	5,
			"preClass":	9577
		}],
	"8526":	[{
			"name":	"gindam",
			"score":	1,
			"preClass":	5886
		}],
	"8528":	[{
			"name":	"ppccso",
			"score":	3,
			"preClass":	2061
		}],
	"8535":	[{
			"name":	"hwoxwk",
			"score":	4,
			"preClass":	3533
		}],
	"8553":	[{
			"name":	"tkhunf",
			"score":	4,
			"preClass":	2755
		}],
	"8578":	[{
			"name":	"wiqvtl",
			"score":	3,
			"preClass":	3158
		}],
	"8586":	[{
			"name":	"niircx",
			"score":	2,
			"preClass":	5674
		}],
	"8591":	[{
			"name":	"fxhoiw",
			"score":	2,
			"preClass":	1710
		}],
	"8593":	[{
			"name":	"tiufjg",
			"score":	5,
			"preClass":	8856
		}],
	"8594":	[{
			"name":	"uniwbr",
			"score":	2,
			"preClass":	8260
		}],
	"8638":	[{
			"name":	"jxhlqd",
			"score":	4,
			"preClass":	6909
		}],
	"8654":	[{
			"name":	"qeepqx",
			"score":	1,
			"preClass":	6155
		}],
	"8692":	[{
			"name":	"bpzifg",
			"score":	2,
			"preClass":	7681
		}],
	"8733":	[{
			"name":	"cwjgnl",
			"score":	2,
			"preClass":	1566
		}],
	"8773":	[{
			"name":	"byiuum",
			"score":	1,
			"preClass":	928
		}],
	"8822":	[{
			"name":	"cqtftx",
			"score":	5,
			"preClass":	3152
		}],
	"8830":	[{
			"name":	"ukbgps",
			"score":	1,
			"preClass":	9753
		}],
	"8841":	[{
			"name":	"yrlafr",
			"score":	4,
			"preClass":	7200
		}],
	"8846":	[{
			"name":	"uatgdk",
			"score":	2,
			"preClass":	1342
		}],
	"8856":	[{
			"name":	"gokgqk",
			"score":	2,
			"preClass":	9764
		}],
	"8870":	[{
			"name":	"tnewqr",
			"score":	2,
			"preClass":	4157
		}],
	"8913":	[{
			"name":	"eqjuou",
			"score":	5,
			"preClass":	2530
		}],
	"8961":	[{
			"name":	"ghlfqd",
			"score":	2,
			"preClass":	6523
		}],
	"9004":	[{
			"name":	"sixxxg",
			"score":	2,
			"preClass":	3798
		}],
	"9013":	[{
			"name":	"lzhmxg",
			"score":	2,
			"preClass":	8870
		}],
	"9024":	[{
			"name":	"bjkaol",
			"score":	5,
			"preClass":	3941
		}],
	"9028":	[{
			"name":	"kesmpm",
			"score":	4,
			"preClass":	8109
		}],
	"9160":	[{
			"name":	"mbrxyi",
			"score":	3,
			"preClass":	3941
		}],
	"9192":	[{
			"name":	"yheubs",
			"score":	3,
			"preClass":	9192
		}],
	"9210":	[{
			"name":	"xzavnk",
			"score":	5,
			"preClass":	6523
		}],
	"9222":	[{
			"name":	"nsfyxk",
			"score":	4,
			"preClass":	9013
		}],
	"9247":	[{
			"name":	"wlvdms",
			"score":	4,
			"preClass":	4478
		}],
	"9259":	[{
			"name":	"xrggzd",
			"score":	2,
			"preClass":	4593
		}],
	"9265":	[{
			"name":	"qenniy",
			"score":	3,
			"preClass":	6860
		}],
	"9276":	[{
			"name":	"yakhtb",
			"score":	3,
			"preClass":	320
		}],
	"9287":	[{
			"name":	"tzpltg",
			"score":	2,
			"preClass":	8654
		}],
	"9288":	[{
			"name":	"lrkvnh",
			"score":	2,
			"preClass":	9741
		}],
	"9301":	[{
			"name":	"mpolaa",
			"score":	1,
			"preClass":	9359
		}],
	"9329":	[{
			"name":	"ugogbw",
			"score":	3,
			"preClass":	6498
		}],
	"9330":	[{
			"name":	"tzoqxr",
			"score":	5,
			"preClass":	628
		}],
	"9359":	[{
			"name":	"barfpg",
			"score":	5,
			"preClass":	562
		}],
	"9360":	[{
			"name":	"zqivpf",
			"score":	1,
			"preClass":	4015
		}],
	"9393":	[{
			"name":	"mjelhl",
			"score":	4,
			"preClass":	3153
		}],
	"9438":	[{
			"name":	"eriymk",
			"score":	2,
			"preClass":	628
		}],
	"9443":	[{
			"name":	"tuxtxk",
			"score":	4,
			"preClass":	3094
		}],
	"9447":	[{
			"name":	"imwqfm",
			"score":	1,
			"preClass":	1733
		}],
	"9471":	[{
			"name":	"oalqfr",
			"score":	5,
			"preClass":	6289
		}],
	"9523":	[{
			"name":	"jtlgyx",
			"score":	2,
			"preClass":	2401
		}],
	"9543":	[{
			"name":	"vdqzrb",
			"score":	1,
			"preClass":	4603
		}],
	"9568":	[{
			"name":	"dzyqwu",
			"score":	5,
			"preClass":	314
		}],
	"9577":	[{
			"name":	"suomrb",
			"score":	5,
			"preClass":	3555
		}],
	"9596":	[{
			"name":	"rgklqd",
			"score":	3,
			"preClass":	3158
		}],
	"9617":	[{
			"name":	"rdxftx",
			"score":	5,
			"preClass":	5380
		}],
	"9646":	[{
			"name":	"ljxqrb",
			"score":	3,
			"preClass":	4593
		}],
	"9741":	[{
			"name":	"vrbtrw",
			"score":	2,
			"preClass":	6049
		}],
	"9751":	[{
			"name":	"elqkyi",
			"score":	4,
			"preClass":	5813
		}],
	"9753":	[{
			"name":	"wehmjh",
			"score":	5,
			"preClass":	2223
		}],
	"9761":	[{
			"name":	"prloui",
			"score":	3,
			"preClass":	4292
		}],
	"9764":	[{
			"name":	"ojuyyc",
			"score":	3,
			"preClass":	4015
		}],
	"9768":	[{
			"name":	"shuvei",
			"score":	2,
			"preClass":	8535
		}],
	"9805":	[{
			"name":	"gscced",
			"score":	4,
			"preClass":	7063
		}],
	"9807":	[{
			"name":	"vofdbu",
			"score":	3,
			"preClass":	2529
		}],
	"9888":	[{
			"name":	"irmysh",
			"score":	1,
			"preClass":	1278
		}],
	"9898":	[{
			"name":	"jasjvk",
			"score":	4,
			"preClass":	8382
		}],
	"9948":	[{
			"name":	"mkjpsd",
			"score":	4,
			"preClass":	9646
		}],
	"9956":	[{
			"name":	"wceitd",
			"score":	2,
			"preClass":	4753
		}],
	"9962":	[{
			"name":	"zwvahz",
			"score":	4,
			"preClass":	9276
		}],
	"9979":	[{
			"name":	"adgbdl",
			"score":	2,
			"preClass":	9013
		}],
	"9987":	[{
			"name":	"wehugn",
			"score":	1,
			"preClass":	3944
		}]
}